region,case_pop,eps,seed,lr_threshold_test_95pct,lr_power_case_above_threshold,true_sig,noisy_sig,jaccard,maf_mae,rmse_maf,corr_maf
chr10_1Mb,MKK,0.03,0,37.755346566425025,0.017543859649122806,234,173,0.25617283950617287,0.14192120201408687,0.18826149005266954,0.8158221749653316
chr10_1Mb,MKK,0.03,1,21.075553931570504,0.05263157894736842,234,156,0.25,0.13646711586612228,0.1801742811745383,0.8364260349759973
chr10_1Mb,MKK,0.03,2,-50.00627587751788,0.07017543859649122,234,140,0.20257234726688103,0.15953625631639307,0.21708375209241712,0.764121649373679
chr10_1Mb,MKK,0.03,3,-38.19668401278344,0.05263157894736842,234,144,0.19242902208201892,0.18185532078646263,0.2446916929068773,0.7002056968128081
chr10_1Mb,MKK,0.03,4,-12.377570109512998,0.08771929824561403,234,94,0.18840579710144928,0.1513843518592683,0.20515842030149403,0.7797710288308003
chr10_1Mb,MKK,0.03,5,8.702626243716047,0.07017543859649122,234,161,0.25396825396825395,0.14395225172307283,0.19000820158533202,0.8077898700702838
chr10_1Mb,MKK,0.03,6,-3.582606322851028,0.10526315789473684,234,117,0.24468085106382978,0.1474699824431346,0.19091345950196179,0.812481343612357
chr10_1Mb,MKK,0.03,7,4.543760091402459,0.21052631578947367,234,105,0.1853146853146853,0.14296267818918013,0.2051314925705987,0.7793787496800827
chr10_1Mb,MKK,0.03,8,-14.55130302724152,0.08771929824561403,234,114,0.22968197879858657,0.15349483027678243,0.20805639936281803,0.7870206408935766
chr10_1Mb,MKK,0.03,9,-52.15196105009246,0.19298245614035087,234,111,0.20209059233449478,0.1553033657508356,0.2138619524023442,0.7752868282935872
chr10_1Mb,MKK,0.03,10,-81.88164861682262,0.08771929824561403,234,133,0.18387096774193548,0.17357875036260748,0.2368479126078918,0.7325572234278029
chr10_1Mb,MKK,0.03,11,5.694047646170516,0.07017543859649122,234,91,0.14035087719298245,0.1488068732140083,0.19589789319849205,0.7951578077892635
chr10_1Mb,MKK,0.03,12,32.12557463722589,0.05263157894736842,234,112,0.17687074829931973,0.14032756733932195,0.17879315651407407,0.8301019148560609
chr10_1Mb,MKK,0.03,13,-64.8486836515994,0.017543859649122806,234,172,0.26479750778816197,0.1812495566700269,0.2458990718989262,0.7070132147826554
chr10_1Mb,MKK,0.03,14,-38.39481309969654,0.22807017543859648,234,154,0.22397476340694006,0.14983742357784885,0.195401672717018,0.7958261422857561
chr10_1Mb,MKK,0.03,15,-0.004844413265925329,0.08771929824561403,234,179,0.31528662420382164,0.1549654125137875,0.2099050573877976,0.7848305035514764
chr10_1Mb,MKK,0.03,16,-13.028964757307955,0.12280701754385964,234,171,0.23100303951367782,0.15732371309503917,0.2035088731095091,0.7852789872722029
chr10_1Mb,MKK,0.03,17,40.03779004938177,0.017543859649122806,234,177,0.2724458204334365,0.14872900747816437,0.20577758837591706,0.7930460362313
chr10_1Mb,MKK,0.03,18,-0.4821976937559196,0.08771929824561403,234,135,0.28125,0.14684529382691444,0.19444365673183753,0.8067143273426297
chr10_1Mb,MKK,0.03,19,-15.125819823146168,0.14035087719298245,234,138,0.21568627450980393,0.14914643798598393,0.20273373673064118,0.7917660147223419
chr10_1Mb,MKK,0.03,20,-97.98528005429081,0.2807017543859649,234,145,0.25496688741721857,0.17203532696296608,0.23384910895473118,0.7358253080753284
chr10_1Mb,MKK,0.03,21,-11.131896715300563,0.12280701754385964,234,150,0.21518987341772153,0.15639047775174558,0.210615920500874,0.7739692151030444
chr10_1Mb,MKK,0.03,22,-24.772285685248114,0.03508771929824561,234,171,0.19117647058823528,0.16979685483093376,0.22343842481982645,0.7536697638237806
chr10_1Mb,MKK,0.03,23,13.099959489657213,0.017543859649122806,234,179,0.2786377708978328,0.15477570172890392,0.21551514632838326,0.7542554164533635
chr10_1Mb,MKK,0.03,24,10.42712718325737,0.08771929824561403,234,189,0.2818181818181818,0.14013516514193797,0.18768362269345862,0.816422568248133
chr10_1Mb,MKK,0.03,25,-89.88277306749697,0.12280701754385964,234,133,0.16507936507936508,0.16484055663621902,0.214451242243436,0.7665465672691978
chr10_1Mb,MKK,0.03,26,-19.03141274957282,0.12280701754385964,234,128,0.1986754966887417,0.165562700734652,0.21499678919889295,0.7672063414236497
chr10_1Mb,MKK,0.03,27,-8.131438726797178,0.14035087719298245,234,159,0.32323232323232326,0.12926565586563793,0.17255841655651047,0.8406832018868905
chr10_1Mb,MKK,0.03,28,-21.901265360876316,0.10526315789473684,234,119,0.25177304964539005,0.16028486702407824,0.21915086370033973,0.760439423335559
chr10_1Mb,MKK,0.03,29,-20.07065502077014,0.15789473684210525,234,158,0.2564102564102564,0.14657123415880519,0.19673936515948495,0.8084945156792788
chr10_1Mb,MKK,0.1,0,40.220990616571235,0.017543859649122806,234,167,0.25705329153605017,0.14110992915397452,0.18748089498872228,0.817038216423066
chr10_1Mb,MKK,0.1,1,25.254620239308444,0.05263157894736842,234,154,0.24758842443729903,0.1358204155897655,0.17949824257542107,0.8374391444540354
chr10_1Mb,MKK,0.1,2,-48.28298893345833,0.07017543859649122,234,141,0.2057877813504823,0.1590796616327237,0.21617676550882628,0.7656684370487247
chr10_1Mb,MKK,0.1,3,-35.77819559924341,0.05263157894736842,234,144,0.19242902208201892,0.18122041747267414,0.2436571891106999,0.7021689981449677
chr10_1Mb,MKK,0.1,4,-11.991090763313013,0.08771929824561403,234,90,0.18248175182481752,0.15102248990628656,0.20462848440168463,0.7806475534855378
chr10_1Mb,MKK,0.1,5,9.75566601838041,0.07017543859649122,234,154,0.2356687898089172,0.14323367458768516,0.18931803342075484,0.8089359847261961
chr10_1Mb,MKK,0.1,6,-2.6656951020514867,0.10526315789473684,234,117,0.24468085106382978,0.14702340262668584,0.1904431470778022,0.8131541123653516
chr10_1Mb,MKK,0.1,7,6.196119001906276,0.19298245614035087,234,103,0.17832167832167833,0.14254786183618456,0.20461320037180755,0.7803326980442117
chr10_1Mb,MKK,0.1,8,-11.497965104241187,0.10526315789473684,234,114,0.22968197879858657,0.1529802591533247,0.2075104989892422,0.7876271905757314
chr10_1Mb,MKK,0.1,9,-47.36862666925258,0.17543859649122806,234,93,0.18050541516245489,0.15428632183041815,0.2124692562815572,0.7775414129896614
chr10_1Mb,MKK,0.1,10,-77.09619714360846,0.08771929824561403,234,114,0.16778523489932887,0.17188523772025394,0.23448558633585231,0.7364119593766537
chr10_1Mb,MKK,0.1,11,7.408285592033544,0.07017543859649122,234,91,0.14035087719298245,0.14813867316042773,0.19492376080177573,0.7968982907670723
chr10_1Mb,MKK,0.1,12,32.70535584184765,0.05263157894736842,234,105,0.16095890410958905,0.13991750666092942,0.1783488220813958,0.830691101059922
chr10_1Mb,MKK,0.1,13,-59.775231032206506,0.03508771929824561,234,174,0.2670807453416149,0.1804937545013414,0.24475861474834681,0.7090150920375821
chr10_1Mb,MKK,0.1,14,-29.225489421661663,0.22807017543859648,234,150,0.21518987341772153,0.1490453634613417,0.1945326988211154,0.7974078474406222
chr10_1Mb,MKK,0.1,15,10.517527594278185,0.07017543859649122,234,178,0.31629392971246006,0.15440227464580916,0.20927395273439198,0.785816674636925
chr10_1Mb,MKK,0.1,16,-10.585850984735714,0.12280701754385964,234,170,0.23170731707317074,0.15620656376787528,0.2025569350162582,0.7868208040559781
chr10_1Mb,MKK,0.1,17,42.52059847552958,0.017543859649122806,234,172,0.2727272727272727,0.14791290661905449,0.20464182106800832,0.7945746801305781
chr10_1Mb,MKK,0.1,18,0.30455517246751906,0.08771929824561403,234,135,0.2768166089965398,0.1465368996251741,0.19382106651124562,0.8077328265630355
chr10_1Mb,MKK,0.1,19,-13.104837444064945,0.17543859649122806,234,138,0.21568627450980393,0.1486042424984217,0.20198788338475662,0.7930257175132793
chr10_1Mb,MKK,0.1,20,-86.83392344385564,0.2631578947368421,234,139,0.23920265780730898,0.1710524721636417,0.23247321837215276,0.7383055294833101
chr10_1Mb,MKK,0.1,21,-9.206705360392043,0.12280701754385964,234,148,0.2126984126984127,0.15574304246831755,0.20973182301796398,0.7755085800012278
chr10_1Mb,MKK,0.1,22,-20.232492062229397,0.03508771929824561,234,171,0.19117647058823528,0.16842854979239477,0.22143775571669352,0.7571834001568108
chr10_1Mb,MKK,0.1,23,14.37508384225899,0.017543859649122806,234,172,0.26875,0.15397987182914127,0.21459726084066422,0.75602098254553
chr10_1Mb,MKK,0.1,24,15.144690143216973,0.10526315789473684,234,186,0.2765957446808511,0.1396194949229872,0.18690875495666967,0.8175859353172774
chr10_1Mb,MKK,0.1,25,-78.18783562091959,0.12280701754385964,234,131,0.17363344051446947,0.1641415346786015,0.21367824116350065,0.7678793285027029
chr10_1Mb,MKK,0.1,26,-9.334757157162588,0.10526315789473684,234,128,0.1986754966887417,0.16496141229190295,0.2142465384893117,0.7683295356584177
chr10_1Mb,MKK,0.1,27,-8.254355328696427,0.14035087719298245,234,155,0.3231292517006803,0.128878879998269,0.17218421642622458,0.8413624354712852
chr10_1Mb,MKK,0.1,28,-19.932522374467162,0.12280701754385964,234,113,0.23049645390070922,0.15970189408342886,0.21824026468615076,0.761932267889976
chr10_1Mb,MKK,0.1,29,-0.23809122272480854,0.15789473684210525,234,160,0.26688102893890675,0.14234243091813684,0.18892368585370597,0.8231219914229637
chr10_1Mb,MKK,0.3,0,45.26386691549806,0.017543859649122806,234,157,0.2572347266881029,0.13875401646362967,0.18530974220723168,0.8203787592588432
chr10_1Mb,MKK,0.3,1,29.469014555091498,0.07017543859649122,234,147,0.24918032786885247,0.13427397811327374,0.17789054145819874,0.8395627060276202
chr10_1Mb,MKK,0.3,2,-44.24048326978701,0.12280701754385964,234,140,0.20257234726688103,0.15745552581460262,0.2131806821717819,0.7705558003134982
chr10_1Mb,MKK,0.3,3,-29.969421056230466,0.05263157894736842,234,142,0.1786833855799373,0.17900342670689715,0.24033444666975026,0.708241765662305
chr10_1Mb,MKK,0.3,4,-10.172426649817234,0.08771929824561403,234,87,0.17153284671532848,0.14975038397678986,0.20284931321099342,0.7836004560727539
chr10_1Mb,MKK,0.3,5,11.728784342849078,0.08771929824561403,234,144,0.21543408360128619,0.14141188239269922,0.18760464507639124,0.8117732821983578
chr10_1Mb,MKK,0.3,6,9.970769890839545,0.12280701754385964,234,104,0.2246376811594203,0.14569045022571186,0.18915858145144573,0.8148954000528983
chr10_1Mb,MKK,0.3,7,9.923424106867653,0.17543859649122806,234,96,0.17857142857142858,0.14163283093099394,0.20330085984028465,0.7825052641065425
chr10_1Mb,MKK,0.3,8,-4.963092875516519,0.12280701754385964,234,95,0.22304832713754646,0.15079263407515,0.20451638409213987,0.7918806578765978
chr10_1Mb,MKK,0.3,9,-36.28226336754945,0.17543859649122806,234,88,0.18382352941176472,0.1516895889178635,0.20876375482814905,0.7833123015853073
chr10_1Mb,MKK,0.3,10,-68.52218680271163,0.10526315789473684,234,99,0.13651877133105803,0.16770974541270997,0.22863266234717156,0.7459566404424783
chr10_1Mb,MKK,0.3,11,10.091009505062072,0.07017543859649122,234,85,0.13120567375886524,0.1464696005556413,0.19244498615303957,0.8012317656897452
chr10_1Mb,MKK,0.3,12,39.59861371480382,0.05263157894736842,234,92,0.1519434628975265,0.13893866528817425,0.17731740271573454,0.8320091326380488
chr10_1Mb,MKK,0.3,13,-47.85142366818605,0.03508771929824561,234,168,0.2523364485981308,0.17806133232614263,0.24112370285335594,0.7154414881111356
chr10_1Mb,MKK,0.3,14,-9.035219407067475,0.19298245614035087,234,144,0.20382165605095542,0.1469315233425455,0.1922383746891732,0.8015455078019323
chr10_1Mb,MKK,0.3,15,25.767746993642096,0.07017543859649122,234,166,0.3201320132013201,0.15209796551904214,0.20649880251950642,0.7898030048738802
chr10_1Mb,MKK,0.3,16,-6.160711149266053,0.14035087719298245,234,165,0.23529411764705882,0.1535874128269278,0.20033473126929233,0.7903754999078305
chr10_1Mb,MKK,0.3,17,46.94227833799657,0.017543859649122806,234,146,0.25,0.14542610724448243,0.20142833604275068,0.7987675165187065
chr10_1Mb,MKK,0.3,18,13.127085631280544,0.15789473684210525,234,130,0.2638888888888889,0.14490617489570956,0.19141905185906202,0.811312345235315
chr10_1Mb,MKK,0.3,19,0.34050530751805397,0.12280701754385964,234,132,0.22,0.14663377303734532,0.1997034533850466,0.7967871935062529
chr10_1Mb,MKK,0.3,20,-71.76630276081623,0.24561403508771928,234,119,0.19256756756756757,0.16805235104168947,0.22812552305607436,0.7455941654240511
chr10_1Mb,MKK,0.3,21,-6.71912165706829,0.12280701754385964,234,142,0.20512820512820512,0.1539749769947933,0.20740764326916836,0.7795160248661808
chr10_1Mb,MKK,0.3,22,-15.74493954146459,0.05263157894736842,234,152,0.18042813455657492,0.16499186583015005,0.21644354939113686,0.765981434594707
chr10_1Mb,MKK,0.3,23,38.068841725977265,0.0,234,168,0.2601880877742947,0.1515543156474979,0.2118029831781809,0.7612536227771003
chr10_1Mb,MKK,0.3,24,21.72086434524231,0.10526315789473684,234,156,0.27450980392156865,0.13815763061620667,0.18484458211981003,0.8207502650806888
chr10_1Mb,MKK,0.3,25,-71.38617699346423,0.12280701754385964,234,132,0.17307692307692307,0.16193619646250507,0.21137036220029184,0.7717946017977555
chr10_1Mb,MKK,0.3,26,-1.536707241857795,0.10526315789473684,234,117,0.17,0.16244416683970253,0.21133938188687432,0.7729367730281322
chr10_1Mb,MKK,0.3,27,-1.3747908041315187,0.12280701754385964,234,151,0.3275862068965517,0.12793680036938102,0.17130384535806142,0.8429244255667765
chr10_1Mb,MKK,0.3,28,-15.438419776605752,0.12280701754385964,234,100,0.21014492753623187,0.1581486650473922,0.2158507993916592,0.7658403504274791
chr10_1Mb,MKK,0.3,29,17.24756627744586,0.14035087719298245,234,148,0.2607260726072607,0.13868631918825058,0.18440883939056044,0.8323450965259223
chr10_1Mb,MKK,1.0,0,59.89948515452243,0.017543859649122806,234,127,0.2711267605633803,0.13290122154517997,0.17975605647603896,0.8288746288828472
chr10_1Mb,MKK,1.0,1,41.42879741931114,0.03508771929824561,234,122,0.2535211267605634,0.13006926243712752,0.17327153586502064,0.8449545203539235
chr10_1Mb,MKK,1.0,2,-30.470030738123583,0.14035087719298245,234,128,0.18688524590163935,0.15256316092324373,0.20513362661708992,0.7838075936622272
chr10_1Mb,MKK,1.0,3,-0.06774017680520172,0.017543859649122806,234,97,0.1453287197231834,0.17014467470964392,0.22764621335260724,0.73161492297104
chr10_1Mb,MKK,1.0,4,4.037137672225297,0.14035087719298245,234,65,0.14122137404580154,0.1449661543345562,0.19568217162382412,0.7961320218328272
chr10_1Mb,MKK,1.0,5,18.98480895105921,0.10526315789473684,234,121,0.1912751677852349,0.1377585380135453,0.18316834395602277,0.8193607374267926
chr10_1Mb,MKK,1.0,6,16.895440653229464,0.10526315789473684,234,85,0.21292775665399238,0.14251612681486797,0.18566799145203725,0.8197923671770802
chr10_1Mb,MKK,1.0,7,19.78341675868992,0.12280701754385964,234,81,0.15808823529411764,0.13952046590353012,0.19858991377134447,0.7903766673338644
chr10_1Mb,MKK,1.0,8,7.9639479234141035,0.15789473684210525,234,76,0.19230769230769232,0.14501126036633874,0.19496036642153908,0.8050730744087986
chr10_1Mb,MKK,1.0,9,-18.92982091843521,0.17543859649122806,234,67,0.1532567049808429,0.14452937231858493,0.19908002512899117,0.7984857253021412
chr10_1Mb,MKK,1.0,10,-35.95571874361234,0.12280701754385964,234,55,0.08239700374531835,0.15723277530188784,0.2137312390955982,0.7704472291547344
chr10_1Mb,MKK,1.0,11,26.03500010205401,0.017543859649122806,234,75,0.13186813186813187,0.14165120028155867,0.185180627817224,0.8141363404031575
chr10_1Mb,MKK,1.0,12,52.413647682753094,0.03508771929824561,234,76,0.13138686131386862,0.13656470237856852,0.17522469381479291,0.8345657210779267
chr10_1Mb,MKK,1.0,13,-23.11706730596809,0.07017543859649122,234,139,0.21498371335504887,0.1699365091601551,0.22974877938568028,0.7358630985929301
chr10_1Mb,MKK,1.0,14,20.958040690071794,0.14035087719298245,234,119,0.18456375838926176,0.14047803581383161,0.18449269978556618,0.8156695463164146
chr10_1Mb,MKK,1.0,15,40.34003765053959,0.05263157894736842,234,128,0.2746478873239437,0.14545641292405384,0.19831894505642614,0.8016249281501527
chr10_1Mb,MKK,1.0,16,15.24144147154521,0.17543859649122806,234,132,0.23648648648648649,0.14787374095558758,0.19485477822261207,0.7992080073023117
chr10_1Mb,MKK,1.0,17,52.97244026291827,0.017543859649122806,234,92,0.19413919413919414,0.14000075499347472,0.19398306217571948,0.808611799081372
chr10_1Mb,MKK,1.0,18,22.790604499461082,0.17543859649122806,234,97,0.2490566037735849,0.140501293395067,0.18391041975808972,0.8228766225833823
chr10_1Mb,MKK,1.0,19,14.809509798104182,0.14035087719298245,234,106,0.21428571428571427,0.14033120969900365,0.19316864716388352,0.8074192534659985
chr10_1Mb,MKK,1.0,20,-40.87901305930662,0.2807017543859649,234,83,0.12811387900355872,0.15961096793982504,0.21601317901021475,0.7660893721832167
chr10_1Mb,MKK,1.0,21,2.868691674212136,0.12280701754385964,234,127,0.19141914191419143,0.1473887763357044,0.1989722424020727,0.7939517231812105
chr10_1Mb,MKK,1.0,22,5.363588012006545,0.05263157894736842,234,115,0.15946843853820597,0.15338258744651975,0.20070145054236896,0.7932937322253876
chr10_1Mb,MKK,1.0,23,59.0635766798917,0.0,234,114,0.2608695652173913,0.13954781653100204,0.1947566585237674,0.7967062125259062
chr10_1Mb,MKK,1.0,24,31.12803135956566,0.12280701754385964,234,112,0.2357142857142857,0.13412927121308235,0.17855153479101535,0.8310232133896922
chr10_1Mb,MKK,1.0,25,-60.560366918843584,0.14035087719298245,234,127,0.1607717041800643,0.15606125292118656,0.20532467914167019,0.7821764890587993
chr10_1Mb,MKK,1.0,26,15.339218947413794,0.08771929824561403,234,86,0.1267605633802817,0.15391583123520067,0.20157260734230953,0.7892835117894682
chr10_1Mb,MKK,1.0,27,9.380420439837444,0.14035087719298245,234,132,0.31654676258992803,0.12570807316646712,0.16856588292563382,0.8477025615364903
chr10_1Mb,MKK,1.0,28,-4.620016743518919,0.12280701754385964,234,78,0.17735849056603772,0.15415862223732604,0.20936631828907612,0.7765059392365917
chr10_1Mb,MKK,1.0,29,32.33072514806964,0.12280701754385964,234,126,0.2328767123287671,0.1343987087010694,0.18072048658087114,0.8379872537672234
chr10_1Mb,MKK,3.0,0,69.0972941008826,0.03508771929824561,234,90,0.2413793103448276,0.12486885548878884,0.1709364180457924,0.8432418389217285
chr10_1Mb,MKK,3.0,1,43.54426549921757,0.12280701754385964,234,79,0.16791044776119404,0.12451616186208156,0.16554963501736936,0.8548502005899377
chr10_1Mb,MKK,3.0,2,26.640895985170012,0.10526315789473684,234,77,0.17358490566037735,0.14045293725122432,0.1865928979090888,0.8165730205548188
chr10_1Mb,MKK,3.0,3,20.78082434499888,0.017543859649122806,234,57,0.13229571984435798,0.1527167347873669,0.20226703485390424,0.781717516201646
chr10_1Mb,MKK,3.0,4,20.03471487245303,0.12280701754385964,234,39,0.10975609756097561,0.13760964170544704,0.18411554042264064,0.8172622952311045
chr10_1Mb,MKK,3.0,5,30.324195238858422,0.12280701754385964,234,89,0.1618705035971223,0.13122959068512244,0.17340732805158746,0.8374077100686942
chr10_1Mb,MKK,3.0,6,31.057216221498226,0.10526315789473684,234,78,0.18181818181818182,0.13808959489406256,0.179844966593376,0.8286972991603948
chr10_1Mb,MKK,3.0,7,38.80760800845875,0.07017543859649122,234,68,0.13962264150943396,0.1358942724691174,0.1861031237903567,0.813482118575606
chr10_1Mb,MKK,3.0,8,34.02725471059537,0.14035087719298245,234,64,0.13307984790874525,0.13757535678354246,0.18123479350992466,0.8267693909378587
chr10_1Mb,MKK,3.0,9,13.60960006192254,0.2982456140350877,234,54,0.12062256809338522,0.13543911227255376,0.1845817510581251,0.8220199239092834
chr10_1Mb,MKK,3.0,10,-1.8897172251263799,0.07017543859649122,234,46,0.06870229007633588,0.14444825207130352,0.1945746712941969,0.8028411528236763
chr10_1Mb,MKK,3.0,11,36.18452635801208,0.03508771929824561,234,61,0.12595419847328243,0.13556597879229226,0.17604175052470036,0.8313507028343207
chr10_1Mb,MKK,3.0,12,53.82806308309246,0.017543859649122806,234,51,0.1220472440944882,0.1338806937740078,0.1737356635455427,0.8360514990576834
chr10_1Mb,MKK,3.0,13,3.1743839355730636,0.10526315789473684,234,74,0.12408759124087591,0.15525988059888254,0.20835248442557358,0.7757054063932126
chr10_1Mb,MKK,3.0,14,33.90276928001049,0.14035087719298245,234,93,0.16370106761565836,0.13218498209059185,0.1745219241385269,0.8343468964496294
chr10_1Mb,MKK,3.0,15,54.75289846637262,0.05263157894736842,234,68,0.1843137254901961,0.1365251902834021,0.18575651432308593,0.8211444161548472
chr10_1Mb,MKK,3.0,16,27.612136668355387,0.19298245614035087,234,108,0.18339100346020762,0.13989246249249668,0.18302750005367574,0.8206383714511676
chr10_1Mb,MKK,3.0,17,55.70013108770431,0.03508771929824561,234,53,0.14342629482071714,0.13455169975901343,0.18397995311086635,0.8230468190869504
chr10_1Mb,MKK,3.0,18,36.24081392857805,0.19298245614035087,234,74,0.18461538461538463,0.13452736269579774,0.17445313636760976,0.838094240402308
chr10_1Mb,MKK,3.0,19,31.33783950562381,0.12280701754385964,234,85,0.17712177121771217,0.13392276054555674,0.1833853223659963,0.8229976296787568
chr10_1Mb,MKK,3.0,20,-9.658732385586895,0.2631578947368421,234,47,0.11952191235059761,0.14663616760247014,0.1979783631446332,0.7977147652737068
chr10_1Mb,MKK,3.0,21,39.372212054026896,0.07017543859649122,234,99,0.16842105263157894,0.13740840379991748,0.18637324056608387,0.8163532680876587
chr10_1Mb,MKK,3.0,22,37.99996558255725,0.12280701754385964,234,74,0.14925373134328357,0.1391408415352823,0.18325220257021663,0.824362939599459
chr10_1Mb,MKK,3.0,23,65.27398016180628,0.05263157894736842,234,89,0.1875,0.12976438828814216,0.18131460227439625,0.8230262846769083
chr10_1Mb,MKK,3.0,24,41.33249684714947,0.10526315789473684,234,84,0.21839080459770116,0.1285509555284634,0.17189770811444255,0.841975969276487
chr10_1Mb,MKK,3.0,25,-44.810342887897995,0.14035087719298245,234,99,0.15625,0.14979356483380807,0.19705441510071875,0.7970888042154352
chr10_1Mb,MKK,3.0,26,36.36383592173377,0.08771929824561403,234,61,0.12595419847328243,0.1423953561796023,0.1863910976271664,0.8156749293538101
chr10_1Mb,MKK,3.0,27,56.63398349014917,0.08771929824561403,234,111,0.2873134328358209,0.12176720094247612,0.16327622972244848,0.8561548424602569
chr10_1Mb,MKK,3.0,28,12.926702429546548,0.12280701754385964,234,62,0.14728682170542637,0.14660919896474828,0.19659658515371606,0.7985630930141697
chr10_1Mb,MKK,3.0,29,38.344977618595564,0.14035087719298245,234,102,0.25842696629213485,0.13085487403035603,0.17812531599039455,0.8403196676192392
chr10_1Mb,MKK,10.0,0,56.43476986850179,0.07017543859649122,234,61,0.16600790513833993,0.1238664609504779,0.16904329672520674,0.8467047035942612
chr10_1Mb,MKK,10.0,1,41.15214306598525,0.14035087719298245,234,61,0.18,0.12650445808271,0.16726286636491725,0.8513810735482797
chr10_1Mb,MKK,10.0,2,30.088764348239273,0.14035087719298245,234,67,0.199203187250996,0.13346711568572311,0.17901857110115355,0.830669712298025
chr10_1Mb,MKK,10.0,3,37.07870975047469,0.07017543859649122,234,58,0.1541501976284585,0.13954485961877613,0.18462704180244513,0.8177142316579786
chr10_1Mb,MKK,10.0,4,33.99700539191767,0.07017543859649122,234,40,0.10483870967741936,0.13297204102322813,0.17618510049174174,0.8326912805221174
chr10_1Mb,MKK,10.0,5,33.29956693235931,0.15789473684210525,234,56,0.13725490196078433,0.12809980761883843,0.16997472876376307,0.8441874518391911
chr10_1Mb,MKK,10.0,6,39.33069174343889,0.10526315789473684,234,57,0.164,0.13426307939210844,0.17634392558585846,0.8345081724716615
chr10_1Mb,MKK,10.0,7,40.864959898311135,0.08771929824561403,234,71,0.14232209737827714,0.13290535303348533,0.17673668615162036,0.8323266427428321
chr10_1Mb,MKK,10.0,8,36.30469630612678,0.14035087719298245,234,63,0.16470588235294117,0.13125970939613588,0.1743115581944623,0.8388681191437178
chr10_1Mb,MKK,10.0,9,27.31397218942563,0.24561403508771928,234,57,0.15019762845849802,0.13015547768093505,0.1755755690863003,0.8371175878646194
chr10_1Mb,MKK,10.0,10,21.462721083304373,0.12280701754385964,234,45,0.12955465587044535,0.13518233843294594,0.18020803571049163,0.8280192233836471
chr10_1Mb,MKK,10.0,11,41.2372756914283,0.07017543859649122,234,57,0.1411764705882353,0.13099605964463626,0.17269765053994612,0.8393960882859025
chr10_1Mb,MKK,10.0,12,45.531640661892254,0.03508771929824561,234,44,0.12096774193548387,0.13214009086636969,0.1730609902735605,0.8376044220408253
chr10_1Mb,MKK,10.0,13,22.703753631265023,0.15789473684210525,234,55,0.14682539682539683,0.14035388382337166,0.18778586852419854,0.8136806696978292
chr10_1Mb,MKK,10.0,14,32.840553365010265,0.17543859649122806,234,56,0.16,0.12934211659233122,0.1720745762558074,0.8403910102292196
chr10_1Mb,MKK,10.0,15,53.672837058724284,0.07017543859649122,234,60,0.176,0.13127653384467702,0.17672690833373758,0.8351280692119464
chr10_1Mb,MKK,10.0,16,31.1906766789786,0.2631578947368421,234,56,0.13725490196078433,0.13174743255166824,0.1732681748303848,0.8386714830487397
chr10_1Mb,MKK,10.0,17,51.11098736120614,0.03508771929824561,234,52,0.16260162601626016,0.13167005815344932,0.17660503048983908,0.8348934271211769
chr10_1Mb,MKK,10.0,18,42.57362271150169,0.14035087719298245,234,66,0.18110236220472442,0.13119082415470346,0.17230483700999966,0.8417811375111449
chr10_1Mb,MKK,10.0,19,32.584656794149865,0.15789473684210525,234,57,0.1686746987951807,0.13174573743321868,0.17756333016334283,0.8326788137386455
chr10_1Mb,MKK,10.0,20,16.694574888633618,0.21052631578947367,234,57,0.14566929133858267,0.13459390644284028,0.18219797772001942,0.8267232061614912
chr10_1Mb,MKK,10.0,21,41.89880484655801,0.05263157894736842,234,60,0.15748031496062992,0.13163533628022878,0.17828673280065566,0.8310282130253229
chr10_1Mb,MKK,10.0,22,40.1273811562521,0.12280701754385964,234,62,0.14728682170542637,0.12907951941269727,0.1736686297888354,0.8405432568050925
chr10_1Mb,MKK,10.0,23,56.73146756066685,0.05263157894736842,234,57,0.17338709677419356,0.12748334172702855,0.17477658912408844,0.83626093434966
chr10_1Mb,MKK,10.0,24,36.35330810926302,0.14035087719298245,234,64,0.19678714859437751,0.1283704351696585,0.1713259950079732,0.8430610407032655
chr10_1Mb,MKK,10.0,25,10.414886555692696,0.12280701754385964,234,70,0.15151515151515152,0.14192279444024242,0.1854311712754092,0.8170951001112684
chr10_1Mb,MKK,10.0,26,39.14524088093762,0.15789473684210525,234,70,0.16923076923076924,0.1324622007278492,0.1756606077166667,0.8355650233761083
chr10_1Mb,MKK,10.0,27,45.69372006131267,0.15789473684210525,234,66,0.1952191235059761,0.12380000846868666,0.16552684307911558,0.8526861953129888
chr10_1Mb,MKK,10.0,28,22.89891148243023,0.15789473684210525,234,51,0.15853658536585366,0.13784283639779665,0.18419607934312104,0.820576784630758
chr10_1Mb,MKK,10.0,29,32.5366623324388,0.17543859649122806,234,82,0.2153846153846154,0.1305619183175397,0.17699474320967018,0.8384202955203787
chr2_5Mb,MKK,0.03,0,10.493268173292174,0.10526315789473684,137,48,0.15625,0.15393213613675827,0.19172266315678593,0.813714667419535
chr2_5Mb,MKK,0.03,1,-12.8396366990201,0.03508771929824561,137,50,0.15432098765432098,0.16032700342755166,0.19778324703737288,0.8108600262230871
chr2_5Mb,MKK,0.03,2,9.084748311629674,0.05263157894736842,137,70,0.20348837209302326,0.15573143850497714,0.19967981651318384,0.790439446652438
chr2_5Mb,MKK,0.03,3,13.932711966758536,0.15789473684210525,137,92,0.3236994219653179,0.15339515425165334,0.18930221676003453,0.8100535734276887
chr2_5Mb,MKK,0.03,4,8.815606891575875,0.14035087719298245,137,33,0.13333333333333333,0.14631010520946378,0.1789774505958162,0.8256148298446662
chr2_5Mb,MKK,0.03,5,-14.694352849159717,0.05263157894736842,137,54,0.16463414634146342,0.1864022945788292,0.2305491371858954,0.7460226303754969
chr2_5Mb,MKK,0.03,6,-12.728246404662098,0.14035087719298245,137,50,0.1761006289308176,0.15685876020806191,0.19178187992579013,0.8053177918401381
chr2_5Mb,MKK,0.03,7,7.788815472690899,0.017543859649122806,137,69,0.11351351351351352,0.18408779599707822,0.22352292344051114,0.7512468177985495
chr2_5Mb,MKK,0.03,8,-20.500662984005054,0.14035087719298245,137,77,0.2891566265060241,0.15676147105691846,0.198569727373496,0.8076930606801791
chr2_5Mb,MKK,0.03,9,9.749552748937095,0.15789473684210525,137,70,0.21052631578947367,0.14884754662551414,0.18489101367523592,0.8151251551898899
chr2_5Mb,MKK,0.03,10,22.073611019035262,0.21052631578947367,137,63,0.2345679012345679,0.1499076812913436,0.1901833801312076,0.8067178074127497
chr2_5Mb,MKK,0.03,11,-25.480005403659128,0.03508771929824561,137,55,0.10344827586206896,0.17039197784874538,0.2123870528436714,0.7872691502547516
chr2_5Mb,MKK,0.03,12,3.8689028667719443,0.08771929824561403,137,63,0.12994350282485875,0.16913354340959746,0.2140259910012312,0.766605825695379
chr2_5Mb,MKK,0.03,13,7.462541438026566,0.17543859649122806,137,59,0.2484076433121019,0.14381746932693976,0.1780742875544819,0.8323931706266439
chr2_5Mb,MKK,0.03,14,-26.51287093155191,0.17543859649122806,137,81,0.30538922155688625,0.1583724673189719,0.191987358560045,0.8083652365494763
chr2_5Mb,MKK,0.03,15,-6.7387148811047615,0.05263157894736842,137,38,0.05421686746987952,0.17575745477775886,0.2170361224699461,0.7767745657061101
chr2_5Mb,MKK,0.03,16,-7.185591493848795,0.10526315789473684,137,36,0.11612903225806452,0.17244556604472416,0.21869836459236522,0.7790346411324441
chr2_5Mb,MKK,0.03,17,7.763379368455495,0.14035087719298245,137,90,0.3431952662721893,0.14487916298787912,0.18247189425555999,0.8302036337494355
chr2_5Mb,MKK,0.03,18,-4.448409941262149,0.15789473684210525,137,52,0.125,0.16558951383907633,0.2074958514997317,0.7868083855176798
chr2_5Mb,MKK,0.03,19,4.744969293109862,0.03508771929824561,137,66,0.1404494382022472,0.16816321964888903,0.20750749120137027,0.7815830639428107
chr2_5Mb,MKK,0.03,20,-19.447346957734855,0.14035087719298245,137,68,0.15168539325842698,0.17417547306142472,0.21468881203915052,0.7825628508002519
chr2_5Mb,MKK,0.03,21,-15.550397919685048,0.017543859649122806,137,36,0.0880503144654088,0.17708366255853272,0.2213379472468502,0.7613304285767968
chr2_5Mb,MKK,0.03,22,5.591251500888464,0.19298245614035087,137,65,0.1952662721893491,0.16419601172754536,0.2012932018096868,0.7974487240753043
chr2_5Mb,MKK,0.03,23,-15.22443350004746,0.03508771929824561,137,43,0.15384615384615385,0.15780480829094917,0.19848763021992621,0.8001795708898118
chr2_5Mb,MKK,0.03,24,7.49899937598328,0.15789473684210525,137,48,0.12804878048780488,0.16216750837492538,0.19781498613307952,0.7956808409187934
chr2_5Mb,MKK,0.03,25,4.457768056288535,0.19298245614035087,137,65,0.20958083832335328,0.1509549721178735,0.19121553886304143,0.8110215531070523
chr2_5Mb,MKK,0.03,26,-10.236161217177177,0.14035087719298245,137,39,0.15789473684210525,0.15039360319528333,0.18748102394401397,0.8240790219494454
chr2_5Mb,MKK,0.03,27,4.683875933641019,0.0,137,38,0.0736196319018405,0.1716245082022216,0.209555515027791,0.7802687481670862
chr2_5Mb,MKK,0.03,28,-5.197231586135467,0.03508771929824561,137,11,0.027777777777777776,0.16310240216631602,0.20701889805581336,0.8017128147915741
chr2_5Mb,MKK,0.03,29,-17.87642392317867,0.12280701754385964,137,61,0.09392265193370165,0.1895292306171987,0.22956072462590077,0.7441666572086519
chr2_5Mb,MKK,0.1,0,11.459965434116864,0.14035087719298245,137,48,0.16352201257861634,0.15339929986473108,0.19081425907197958,0.8149707834213362
chr2_5Mb,MKK,0.1,1,0.8700552429450227,0.08771929824561403,137,49,0.15527950310559005,0.15933313950119435,0.1963760716156521,0.812663651639762
chr2_5Mb,MKK,0.1,2,13.895364157087513,0.03508771929824561,137,71,0.21637426900584794,0.15455605179147497,0.19807145272897847,0.7933808517127273
chr2_5Mb,MKK,0.1,3,19.91605415856398,0.10526315789473684,137,88,0.3157894736842105,0.15178668658133596,0.1867768798221067,0.8143409983770123
chr2_5Mb,MKK,0.1,4,11.994463963359124,0.14035087719298245,137,30,0.12080536912751678,0.14592905035285758,0.1784758903927815,0.8266917817993037
chr2_5Mb,MKK,0.1,5,-9.989179103614301,0.05263157894736842,137,48,0.1419753086419753,0.18364739030877364,0.22748273515066575,0.7511332385511604
chr2_5Mb,MKK,0.1,6,-11.139483560777748,0.15789473684210525,137,48,0.17088607594936708,0.15608815348640495,0.1909559109615185,0.8067177595711399
chr2_5Mb,MKK,0.1,7,8.677666952505017,0.017543859649122806,137,69,0.10752688172043011,0.18253684691848124,0.22172851977178373,0.7543702487714128
chr2_5Mb,MKK,0.1,8,-18.313380582449867,0.12280701754385964,137,75,0.27710843373493976,0.15553579203493012,0.19698862789737903,0.8101569633196206
chr2_5Mb,MKK,0.1,9,21.74188908208338,0.12280701754385964,137,68,0.20588235294117646,0.14802124067419128,0.1832086837325462,0.8178910591592771
chr2_5Mb,MKK,0.1,10,28.560953475115465,0.17543859649122806,137,56,0.20625,0.1489139656056587,0.1884076856036552,0.8100073377483111
chr2_5Mb,MKK,0.1,11,-22.73049735042188,0.017543859649122806,137,50,0.0872093023255814,0.16925204300031102,0.21097399432369404,0.7894082414146734
chr2_5Mb,MKK,0.1,12,5.00356812851247,0.08771929824561403,137,63,0.12994350282485875,0.1687576775504163,0.21330968853657584,0.7678028712082824
chr2_5Mb,MKK,0.1,13,15.676727625231191,0.15789473684210525,137,55,0.23076923076923078,0.14301954749203047,0.17700925650208743,0.834045926474945
chr2_5Mb,MKK,0.1,14,-16.77156862979175,0.12280701754385964,137,73,0.2883435582822086,0.15679926664874938,0.19008981651105938,0.8117469486793932
chr2_5Mb,MKK,0.1,15,-4.381755879383738,0.07017543859649122,137,35,0.03614457831325301,0.1747772459688763,0.2156790146200681,0.7789568353355079
chr2_5Mb,MKK,0.1,16,-6.629917581889225,0.10526315789473684,137,32,0.11920529801324503,0.17123504450202023,0.21723618005748493,0.7809431943497103
chr2_5Mb,MKK,0.1,17,10.01116279600514,0.14035087719298245,137,85,0.32142857142857145,0.1441373507612846,0.18059203858856043,0.8325549677226038
chr2_5Mb,MKK,0.1,18,-3.6301471045484175,0.15789473684210525,137,51,0.12574850299401197,0.16506235854191162,0.20672945111266858,0.788393065524536
chr2_5Mb,MKK,0.1,19,7.63346971781313,0.03508771929824561,137,54,0.1301775147928994,0.1664006752122692,0.20524628631960506,0.7851267059300092
chr2_5Mb,MKK,0.1,20,-16.046998994817322,0.17543859649122806,137,59,0.12643678160919541,0.17247845840531617,0.2119971040362652,0.7860753259568531
chr2_5Mb,MKK,0.1,21,-12.318359343515722,0.017543859649122806,137,33,0.06918238993710692,0.1765807936658152,0.2205174259655535,0.7629929905925897
chr2_5Mb,MKK,0.1,22,7.720327556076187,0.17543859649122806,137,65,0.1952662721893491,0.162876998380826,0.19969759807108317,0.7999075655126809
chr2_5Mb,MKK,0.1,23,-12.373097242370104,0.017543859649122806,137,43,0.15384615384615385,0.1573991595277793,0.19795487335084444,0.8011121079640988
chr2_5Mb,MKK,0.1,24,10.06533179405599,0.15789473684210525,137,44,0.11042944785276074,0.16102599680897184,0.19646017823571726,0.798145413647747
chr2_5Mb,MKK,0.1,25,8.893077672753739,0.21052631578947367,137,65,0.20958083832335328,0.15033751496206568,0.19021024903654193,0.8127901988505948
chr2_5Mb,MKK,0.1,26,7.358612825577781,0.08771929824561403,137,39,0.15789473684210525,0.14986211608057315,0.18647108033850296,0.8253933162712273
chr2_5Mb,MKK,0.1,27,6.54093227178742,0.0,137,35,0.06172839506172839,0.17051614519063596,0.20803415913013898,0.7828549467490453
chr2_5Mb,MKK,0.1,28,-3.6307491204292885,0.03508771929824561,137,11,0.027777777777777776,0.1622213242934304,0.2057819191994387,0.8033120252298821
chr2_5Mb,MKK,0.1,29,-13.617864883944886,0.14035087719298245,137,60,0.09444444444444444,0.18748520410683012,0.22692626713786085,0.7490202400414679
chr2_5Mb,MKK,0.3,0,13.200682385941676,0.14035087719298245,137,47,0.16455696202531644,0.15222883702482592,0.18857829823434172,0.8179992808398221
chr2_5Mb,MKK,0.3,1,5.742851662943236,0.12280701754385964,137,39,0.14285714285714285,0.15695465519640492,0.1930158973902083,0.8169627507965924
chr2_5Mb,MKK,0.3,2,19.653270384616473,0.03508771929824561,137,72,0.2222222222222222,0.1520998833314233,0.19469311443468218,0.7997182141331961
chr2_5Mb,MKK,0.3,3,25.521067736204262,0.08771929824561403,137,75,0.3006134969325153,0.14845579897835465,0.18147985381807963,0.823414817830943
chr2_5Mb,MKK,0.3,4,16.972141519181214,0.14035087719298245,137,27,0.10810810810810811,0.14539341404130135,0.1776482062780309,0.8286826181395512
chr2_5Mb,MKK,0.3,5,-2.551281640392576,0.05263157894736842,137,44,0.13836477987421383,0.1768106702251265,0.22018844145781719,0.763380311607252
chr2_5Mb,MKK,0.3,6,-0.7065519479461615,0.14035087719298245,137,43,0.1464968152866242,0.15424566368338835,0.1888428544692736,0.8103483154276783
chr2_5Mb,MKK,0.3,7,9.908993073524034,0.017543859649122806,137,62,0.12429378531073447,0.17871999786168166,0.21750374885008153,0.7618064210309607
chr2_5Mb,MKK,0.3,8,0.5430346725128925,0.17543859649122806,137,66,0.27672955974842767,0.15267268318842495,0.19253610369801696,0.8161739530563425
chr2_5Mb,MKK,0.3,9,27.817540174215154,0.10526315789473684,137,44,0.16774193548387098,0.14554515332662116,0.1788773514325337,0.8252173124481472
chr2_5Mb,MKK,0.3,10,32.49113865325576,0.17543859649122806,137,44,0.19078947368421054,0.14711984063056666,0.18472090184101667,0.8168596486806404
chr2_5Mb,MKK,0.3,11,-16.38775980072395,0.017543859649122806,137,42,0.08484848484848485,0.1670576022231461,0.2078611265472311,0.7942228387896161
chr2_5Mb,MKK,0.3,12,8.475393506351168,0.12280701754385964,137,61,0.11864406779661017,0.16682043209155006,0.21048117165358873,0.7725415082066127
chr2_5Mb,MKK,0.3,13,23.317087938470344,0.21052631578947367,137,49,0.2236842105263158,0.1415240870923708,0.17496283061002973,0.8372493592472179
chr2_5Mb,MKK,0.3,14,-0.3282789246524982,0.24561403508771928,137,63,0.26582278481012656,0.15291267245485587,0.18588699590998542,0.8193171695163421
chr2_5Mb,MKK,0.3,15,0.19117096528480138,0.07017543859649122,137,30,0.030864197530864196,0.171500165629601,0.2116549016661142,0.7850729994875058
chr2_5Mb,MKK,0.3,16,3.5098478682869243,0.08771929824561403,137,24,0.07333333333333333,0.16776950138932928,0.2130345747989529,0.7865633416389894
chr2_5Mb,MKK,0.3,17,16.792315583028987,0.19298245614035087,137,66,0.24539877300613497,0.1428455588601594,0.17683372234663455,0.8372673409049112
chr2_5Mb,MKK,0.3,18,-0.31459580234673495,0.24561403508771928,137,46,0.10909090909090909,0.16103364467060702,0.20215065444010122,0.7956016352685451
chr2_5Mb,MKK,0.3,19,12.383032114613005,0.05263157894736842,137,41,0.10559006211180125,0.16146433511054295,0.19937065359610923,0.7946718494956205
chr2_5Mb,MKK,0.3,20,-5.447014413366371,0.14035087719298245,137,45,0.10975609756097561,0.1682005522359403,0.20515987077730102,0.7947690353976621
chr2_5Mb,MKK,0.3,21,0.7065878174551457,0.017543859649122806,137,27,0.0718954248366013,0.1737716940943726,0.21613856457367542,0.7701982953345463
chr2_5Mb,MKK,0.3,22,11.340477065418849,0.17543859649122806,137,63,0.20481927710843373,0.15992422101674889,0.19625379798270468,0.8052438218781799
chr2_5Mb,MKK,0.3,23,9.770087658840893,0.10526315789473684,137,41,0.14102564102564102,0.15569352995983946,0.19432804002738444,0.8067086213452587
chr2_5Mb,MKK,0.3,24,16.13863184766014,0.17543859649122806,137,25,0.0728476821192053,0.1568312951947347,0.1928342976542676,0.8047732785839145
chr2_5Mb,MKK,0.3,25,17.230245581571594,0.17543859649122806,137,60,0.18674698795180722,0.1479234110516929,0.18553379154693952,0.8200961799755825
chr2_5Mb,MKK,0.3,26,16.352942798348963,0.03508771929824561,137,38,0.16666666666666666,0.14870331276908919,0.18437976022342512,0.8281218395321378
chr2_5Mb,MKK,0.3,27,13.045207087584451,0.0,137,23,0.05263157894736842,0.1682606166450657,0.2046352778498724,0.7882977416318281
chr2_5Mb,MKK,0.3,28,-0.8440400999367789,0.05263157894736842,137,9,0.02097902097902098,0.16001414822881746,0.2028252218233018,0.8071035277766538
chr2_5Mb,MKK,0.3,29,-10.421967075141152,0.24561403508771928,137,59,0.08888888888888889,0.18224263524348117,0.22053675247383991,0.7608259556403367
chr2_5Mb,MKK,1.0,0,19.041293129232375,0.10526315789473684,137,40,0.1346153846153846,0.1504201870382482,0.18521697769613626,0.8230007193221341
chr2_5Mb,MKK,1.0,1,10.423654056102237,0.12280701754385964,137,30,0.11333333333333333,0.15272227587896522,0.1882683684592087,0.8227969907145593
chr2_5Mb,MKK,1.0,2,28.29593522694009,0.03508771929824561,137,52,0.14545454545454545,0.14955042051741727,0.1895943524118005,0.8102429572725521
chr2_5Mb,MKK,1.0,3,29.474082934018636,0.07017543859649122,137,47,0.22666666666666666,0.1449119488986288,0.1751936551207476,0.8349313850561194
chr2_5Mb,MKK,1.0,4,24.214974163414514,0.05263157894736842,137,18,0.08391608391608392,0.14577711894712075,0.17837041108834148,0.8291650577499923
chr2_5Mb,MKK,1.0,5,5.877270044199447,0.14035087719298245,137,20,0.12142857142857143,0.16511101590674032,0.20747377436307873,0.7852079149917925
chr2_5Mb,MKK,1.0,6,11.089951448813911,0.12280701754385964,137,26,0.07947019867549669,0.14565398437792274,0.18051226724748712,0.8254443093910883
chr2_5Mb,MKK,1.0,7,18.81489909473956,0.03508771929824561,137,58,0.1206896551724138,0.170715127685124,0.20805833630111228,0.7792747423250531
chr2_5Mb,MKK,1.0,8,9.91101578302355,0.15789473684210525,137,49,0.21568627450980393,0.14835161450803389,0.18694717408708975,0.8229693041402021
chr2_5Mb,MKK,1.0,9,29.68356263582984,0.10526315789473684,137,30,0.12080536912751678,0.14336818976658433,0.17493823638269532,0.8328736767622327
chr2_5Mb,MKK,1.0,10,34.68288115787871,0.19298245614035087,137,30,0.1360544217687075,0.14607647462956125,0.18112589058812023,0.8246404980088031
chr2_5Mb,MKK,1.0,11,5.247060790832695,0.017543859649122806,137,20,0.04666666666666667,0.1609561495959659,0.19989909225850558,0.8058488840566425
chr2_5Mb,MKK,1.0,12,13.612853237818827,0.14035087719298245,137,40,0.11320754716981132,0.15869703787315187,0.19809862576021456,0.7951811492001579
chr2_5Mb,MKK,1.0,13,24.97988678955359,0.19298245614035087,137,30,0.1597222222222222,0.14133075897391068,0.17388401033597,0.8390099934956448
chr2_5Mb,MKK,1.0,14,14.14394043750634,0.2807017543859649,137,37,0.16778523489932887,0.14495385315917994,0.177757074619251,0.8332364791392791
chr2_5Mb,MKK,1.0,15,8.290919762203806,0.07017543859649122,137,20,0.026143790849673203,0.16418504984875312,0.20366089449547495,0.7971266154033105
chr2_5Mb,MKK,1.0,16,9.596120054983011,0.07017543859649122,137,29,0.09933774834437085,0.16044420263129883,0.2040307537286507,0.7985331949220945
chr2_5Mb,MKK,1.0,17,25.172083355398748,0.19298245614035087,137,44,0.14556962025316456,0.14421619511652128,0.17473746166891396,0.8393946662181669
chr2_5Mb,MKK,1.0,18,6.383558392801897,0.24561403508771928,137,21,0.11267605633802817,0.15353160924021167,0.19469405436406942,0.8072381082852762
chr2_5Mb,MKK,1.0,19,15.879530130748888,0.05263157894736842,137,26,0.06535947712418301,0.1545194062957071,0.19103580477762377,0.8089608934997676
chr2_5Mb,MKK,1.0,20,-0.872028336640758,0.14035087719298245,137,30,0.07741935483870968,0.16144104410980475,0.19502769536059467,0.8084906155150873
chr2_5Mb,MKK,1.0,21,9.212460798002962,0.05263157894736842,137,16,0.06993006993006994,0.16692653219540918,0.20718872789657689,0.7846547017132462
chr2_5Mb,MKK,1.0,22,17.55323084641525,0.14035087719298245,137,44,0.11042944785276074,0.1554793960960748,0.1912111995094366,0.8132153786397853
chr2_5Mb,MKK,1.0,23,23.461295325424267,0.017543859649122806,137,24,0.08053691275167785,0.1541774386854871,0.18937829716890053,0.8153595371842703
chr2_5Mb,MKK,1.0,24,22.020012442220747,0.15789473684210525,137,18,0.08391608391608392,0.1518603106314956,0.1887187626603357,0.8133621310741201
chr2_5Mb,MKK,1.0,25,25.326550453350325,0.10526315789473684,137,36,0.1456953642384106,0.146613095255911,0.1802902309004052,0.8283739888311276
chr2_5Mb,MKK,1.0,26,16.958744603395417,0.08771929824561403,137,26,0.13986013986013987,0.14766587937694367,0.18241730463934036,0.8303872648797201
chr2_5Mb,MKK,1.0,27,19.837672442190794,0.03508771929824561,137,18,0.0472972972972973,0.16321305022536453,0.19836204333314567,0.7987201139124878
chr2_5Mb,MKK,1.0,28,3.6715693894069372,0.08771929824561403,137,8,0.02112676056338028,0.15562006854436483,0.1970626815014442,0.814138332049526
chr2_5Mb,MKK,1.0,29,12.270190527626482,0.07017543859649122,137,42,0.0718562874251497,0.17011158217644098,0.2078241040619878,0.7834030307140677
chr2_5Mb,MKK,3.0,0,16.79970002655541,0.08771929824561403,137,24,0.14184397163120568,0.15209849067298947,0.18643858465322208,0.8214261439751019
chr2_5Mb,MKK,3.0,1,9.831474098638708,0.08771929824561403,137,34,0.1032258064516129,0.1517512851227898,0.18869119793155537,0.8211174477069282
chr2_5Mb,MKK,3.0,2,23.98678448114897,0.05263157894736842,137,32,0.1118421052631579,0.15191054334285187,0.19045092060097793,0.8119610256010902
chr2_5Mb,MKK,3.0,3,21.390240219321363,0.07017543859649122,137,31,0.11258278145695365,0.14799491564109402,0.1795477169476055,0.8305550366706186
chr2_5Mb,MKK,3.0,4,18.69698374181118,0.08771929824561403,137,21,0.12056737588652482,0.14934754594923977,0.18425011189548038,0.8224178042480178
chr2_5Mb,MKK,3.0,5,11.584075401050198,0.05263157894736842,137,20,0.12949640287769784,0.15937512666365128,0.20032184446107087,0.7989719095410243
chr2_5Mb,MKK,3.0,6,11.45588845749632,0.08771929824561403,137,18,0.10714285714285714,0.14781355938734994,0.18194432835205415,0.8265462603530745
chr2_5Mb,MKK,3.0,7,17.055765550110028,0.03508771929824561,137,39,0.13548387096774195,0.16270058684548694,0.20039921170032673,0.7956550785371874
chr2_5Mb,MKK,3.0,8,9.79283829356798,0.08771929824561403,137,37,0.13725490196078433,0.15070807522098745,0.1892508574511882,0.8194857853418211
chr2_5Mb,MKK,3.0,9,23.29918498765601,0.15789473684210525,137,23,0.11888111888111888,0.14721785752857308,0.17959054222521992,0.8284667482490736
chr2_5Mb,MKK,3.0,10,26.672289149631013,0.14035087719298245,137,23,0.10344827586206896,0.14911575734134586,0.1845624625107468,0.8221344122304086
chr2_5Mb,MKK,3.0,11,13.740416932428495,0.05263157894736842,137,30,0.12837837837837837,0.15639442116066404,0.1939104512002911,0.8125441442066972
chr2_5Mb,MKK,3.0,12,17.93364360574175,0.08771929824561403,137,26,0.13986013986013987,0.15476083057896653,0.19197304368809653,0.8089655003129901
chr2_5Mb,MKK,3.0,13,22.013542436515706,0.14035087719298245,137,26,0.13194444444444445,0.14602373729276963,0.17961402370607985,0.8311195109030893
chr2_5Mb,MKK,3.0,14,14.946373187776848,0.24561403508771928,137,22,0.11188811188811189,0.14429926168466098,0.1793353139137436,0.8326334838350127
chr2_5Mb,MKK,3.0,15,12.369195882162396,0.07017543859649122,137,31,0.07692307692307693,0.15977307029688873,0.19855263837336412,0.8050272121324773
chr2_5Mb,MKK,3.0,16,15.59913441576543,0.03508771929824561,137,24,0.10273972602739725,0.15753080376244752,0.1991491984351046,0.8045076045110026
chr2_5Mb,MKK,3.0,17,19.656131771437515,0.12280701754385964,137,26,0.10135135135135136,0.14833576848722355,0.1819430348097557,0.8292984701706672
chr2_5Mb,MKK,3.0,18,16.215369567025313,0.12280701754385964,137,18,0.10714285714285714,0.15418446472055541,0.19329820666545997,0.8104484169521409
chr2_5Mb,MKK,3.0,19,12.532666407009136,0.10526315789473684,137,27,0.1232876712328767,0.15373907972123338,0.1907022854424542,0.8124397766004939
chr2_5Mb,MKK,3.0,20,5.118525545477304,0.10526315789473684,137,34,0.11764705882352941,0.15804771127528772,0.19472272790024076,0.8085558871907125
chr2_5Mb,MKK,3.0,21,13.18579185553111,0.05263157894736842,137,23,0.1267605633802817,0.16134130937080368,0.20161143022300634,0.7953184102493976
chr2_5Mb,MKK,3.0,22,18.953008002369103,0.08771929824561403,137,38,0.11464968152866242,0.1547947016816896,0.19128476903249714,0.8139488971123339
chr2_5Mb,MKK,3.0,23,21.705658164760408,0.03508771929824561,137,25,0.0945945945945946,0.15512525935806093,0.19062663258006005,0.8147117636466742
chr2_5Mb,MKK,3.0,24,20.851593086023374,0.07017543859649122,137,21,0.12857142857142856,0.15488155237538395,0.1921642128222175,0.8111607015149042
chr2_5Mb,MKK,3.0,25,19.06442087321286,0.15789473684210525,137,30,0.1360544217687075,0.15092740780307892,0.18447060931754722,0.8231888381097948
chr2_5Mb,MKK,3.0,26,12.229195798528028,0.08771929824561403,137,20,0.1056338028169014,0.15028233777940464,0.18665289397431273,0.8237554358542686
chr2_5Mb,MKK,3.0,27,21.123169692313667,0.05263157894736842,137,31,0.09803921568627451,0.15946583164031453,0.1957130572463739,0.8054068219005451
chr2_5Mb,MKK,3.0,28,11.301730558951657,0.03508771929824561,137,13,0.07142857142857142,0.15298953071001736,0.1936380117563916,0.8170865942605237
chr2_5Mb,MKK,3.0,29,16.57451861225453,0.07017543859649122,137,39,0.12101910828025478,0.1624651031311551,0.20035685718771723,0.7983836870615854
chr2_5Mb,MKK,10.0,0,10.72992143345906,0.10526315789473684,137,28,0.13013698630136986,0.1574215644541598,0.1944477530017464,0.8100387880000736
chr2_5Mb,MKK,10.0,1,9.623291547216661,0.07017543859649122,137,37,0.11538461538461539,0.15601517921171332,0.19533939431056935,0.8105869100457004
chr2_5Mb,MKK,10.0,2,13.433828187943295,0.07017543859649122,137,40,0.14193548387096774,0.1565857734737967,0.19652161177301378,0.8059820384663929
chr2_5Mb,MKK,10.0,3,12.308405170735691,0.07017543859649122,137,37,0.11538461538461539,0.15541111080883166,0.19128157332212417,0.8148975210981995
chr2_5Mb,MKK,10.0,4,10.69031193441127,0.10526315789473684,137,30,0.12080536912751678,0.15584116550479535,0.19392616881731856,0.810398071024357
chr2_5Mb,MKK,10.0,5,12.622520961155908,0.05263157894736842,137,26,0.12413793103448276,0.15958756175639102,0.2002642177907532,0.8013793969323517
chr2_5Mb,MKK,10.0,6,10.974589206998973,0.03508771929824561,137,27,0.1232876712328767,0.15459811563517845,0.19224325111408966,0.8134177604403933
chr2_5Mb,MKK,10.0,7,9.523899922215096,0.07017543859649122,137,39,0.12101910828025478,0.16021858365922806,0.1998384521011992,0.8007315900154641
chr2_5Mb,MKK,10.0,8,11.586798154931694,0.05263157894736842,137,38,0.13636363636363635,0.15670714223341137,0.19625997219370542,0.8091343497434234
chr2_5Mb,MKK,10.0,9,12.819579729155919,0.08771929824561403,137,26,0.12413793103448276,0.15382803341019963,0.19122273645624702,0.8138112054621203
chr2_5Mb,MKK,10.0,10,16.128184091504046,0.12280701754385964,137,36,0.11612903225806452,0.15565320534010554,0.1941263093296234,0.8103468451536361
chr2_5Mb,MKK,10.0,11,12.742994072805255,0.07017543859649122,137,36,0.11612903225806452,0.15829572208291687,0.1980980565359934,0.8054735686783122
chr2_5Mb,MKK,10.0,12,13.670013923544245,0.05263157894736842,137,31,0.13513513513513514,0.1576844007091313,0.1962321707826408,0.8064041111128073
chr2_5Mb,MKK,10.0,13,16.685313922649975,0.05263157894736842,137,33,0.11842105263157894,0.15486931650349126,0.1918738745553232,0.8140431631082405
chr2_5Mb,MKK,10.0,14,14.103691166203996,0.10526315789473684,137,28,0.12244897959183673,0.15292436737743337,0.1909186612853621,0.8167598383847618
chr2_5Mb,MKK,10.0,15,13.890907910685005,0.05263157894736842,137,40,0.09937888198757763,0.15949819727510392,0.19978345451969529,0.803455211952372
chr2_5Mb,MKK,10.0,16,15.22913646058375,0.03508771929824561,137,29,0.136986301369863,0.15937431679148237,0.20001128007656555,0.8030516820248021
chr2_5Mb,MKK,10.0,17,11.611606446379538,0.08771929824561403,137,36,0.11612903225806452,0.15486756158992618,0.19356953382341713,0.812824559424591
chr2_5Mb,MKK,10.0,18,17.231826582462993,0.03508771929824561,137,32,0.1342281879194631,0.15730502312167194,0.197859446215691,0.8052235250379092
chr2_5Mb,MKK,10.0,19,10.947966304776742,0.05263157894736842,137,32,0.12666666666666668,0.15801522743490384,0.19710279810958123,0.8053647572615614
chr2_5Mb,MKK,10.0,20,9.4729457317362,0.05263157894736842,137,42,0.11180124223602485,0.15978054026723953,0.19922259468605177,0.802657571910315
chr2_5Mb,MKK,10.0,21,12.999903245558604,0.05263157894736842,137,39,0.13548387096774195,0.1607224027731419,0.2014346680169609,0.7982480036724121
chr2_5Mb,MKK,10.0,22,10.928814604472892,0.10526315789473684,137,40,0.12738853503184713,0.1576907402922044,0.19687248409945776,0.8067803675967324
chr2_5Mb,MKK,10.0,23,13.23946413292151,0.07017543859649122,137,34,0.1032258064516129,0.15860411358596535,0.19685427550372014,0.806830740646602
chr2_5Mb,MKK,10.0,24,17.545608988217207,0.05263157894736842,137,29,0.14482758620689656,0.1587136075343746,0.19808471040454798,0.8046384204613648
chr2_5Mb,MKK,10.0,25,12.978156081482236,0.12280701754385964,137,41,0.1125,0.1565840809660767,0.19428155227637803,0.8102294690608073
chr2_5Mb,MKK,10.0,26,10.9982045559409,0.07017543859649122,137,36,0.11612903225806452,0.1560977609140739,0.19533901694264022,0.8104508118614859
chr2_5Mb,MKK,10.0,27,16.741859608213737,0.03508771929824561,137,39,0.11392405063291139,0.1597393697257628,0.19872480677154208,0.803731344141205
chr2_5Mb,MKK,10.0,28,14.241621000766528,0.03508771929824561,137,24,0.1103448275862069,0.15618013920018736,0.19690844731284934,0.8098707670271093
chr2_5Mb,MKK,10.0,29,16.310967627486917,0.05263157894736842,137,41,0.12658227848101267,0.16036993884385656,0.20031834635857515,0.8011373801992492
